Logistic Regression,0.6267883961740834
Decision Tree,0.47410982613515745
