Logistic Regression,0.6361978263932841
Decision Tree,0.6746254145968918
